Artists,Set Name,Stage,Date,Start Time,End Time,Description
Dino,Dino,THE GATHERING,2026-07-16,13:00,14:00,
Luna & Lenthe,Luna & Lenthe,THE GATHERING,2026-07-16,14:00,15:00,
ARTEN,ARTEN,THE GATHERING II,2026-07-16,14:00,16:00,
Lennert Wolfs,Lennert Wolfs,THE GATHERING,2026-07-16,15:00,16:00,
Flavour Drop,Flavour Drop,THE GATHERING,2026-07-16,16:00,16:45,
BLUSHxBLUSH,Blush x Blush,THE GATHERING II,2026-07-16,16:00,18:00,
Alycia Bezgo | Portex,Alycia Bezgo b2b Portex,THE GATHERING,2026-07-16,16:45,17:45,
5napback | Karakals,5NAPBACK b2b Karakals,THE GATHERING,2026-07-16,17:45,18:30,
Prinz,Prinz,THE GATHERING II,2026-07-16,18:00,20:00,
Amber Broos,Amber Broos,THE GATHERING,2026-07-16,18:30,19:30,
Henri PFR,Henri PFR,THE GATHERING,2026-07-16,19:30,20:15,
Camila Jun,Camila Jun,THE GATHERING II,2026-07-16,20:00,22:00,
Mark With a K & MC Chucky,Mark With A K & MC Chucky: Classics Set,THE GATHERING,2026-07-16,20:15,21:00,
SURPRISE,SURPRISE,THE GATHERING,2026-07-16,21:00,22:00,
NO SURPRISE,NO SURPRISE,THE GATHERING,2026-07-16,22:00,23:00,
NOSI,NOSI,THE GATHERING II,2026-07-16,22:00,00:00,
SURPRISE,SURPRISE,THE GATHERING,2026-07-16,23:00,00:00,
BISOUX,Bisoux,ATMOSPHERE,2026-07-17,12:00,14:00,
Sacha Malice,Sacha Malice,CAGE,2026-07-17,12:00,13:00,
ROOX,ROOX,CELESTIA BY KUCOIN,2026-07-17,12:00,13:00,
Eileen,Eileen,CORE,2026-07-17,12:00,14:00,
DJORA,DJORA,CRYSTAL GARDEN,2026-07-17,12:00,13:30,
Semsei,Semsei,FREEDOM BY BUD,2026-07-17,12:00,13:30,
DISCOVERY,DISCOVERY,MAINSTAGE,2026-07-17,12:00,14:00,
Isa Roos,Isa Roos,MELODIA BY CORONA,2026-07-17,12:00,13:30,
Bosart,Bosart,MOOSE BAR,2026-07-17,12:00,16:00,
Cyborg-18,Cyborg-18,PLANAXIS,2026-07-17,12:00,13:00,
MagiK,MagiK,THE GREAT LIBRARY,2026-07-17,12:00,13:00,
Synoxis,Synoxis,THE ROSE GARDEN,2026-07-17,12:00,13:30,
Rayzen,RAYZEN,CAGE,2026-07-17,13:00,14:00,
MRMK,MRMK,CELESTIA BY KUCOIN,2026-07-17,13:00,14:00,
Monsieur,Monsieur,ELIXIR,2026-07-17,13:00,14:30,
Jop Govers,Jop Govers,HOUSE OF FORTUNE BY JBL,2026-07-17,13:00,14:00,
Yannick Thiry,Yannick Thiry,PLANAXIS,2026-07-17,13:00,14:00,
Manuals,Manuals,THE GREAT LIBRARY,2026-07-17,13:00,14:00,
Simon T,Simon T,THE RAVE CAVE,2026-07-17,13:00,14:30,
Eridu,Eridu,CRYSTAL GARDEN,2026-07-17,13:30,15:00,
jesabel,Jesabel,FREEDOM BY BUD,2026-07-17,13:30,15:00,
Lerato Tsotetsi,Lerato Tsotetsi,MELODIA BY CORONA,2026-07-17,13:30,15:00,
MAE.LIE,MAE.LIE,THE ROSE GARDEN,2026-07-17,13:30,14:30,
ROW1,ROW1,ATMOSPHERE,2026-07-17,14:00,15:30,
Sandy Warez | Revenja,SANDY WAREZ b2b REVENJA,CAGE,2026-07-17,14:00,15:00,
Juno,Juno,CELESTIA BY KUCOIN,2026-07-17,14:00,15:30,
Kenny Montana | John Noseda,John Noseda b2b Kenny Montana,CORE,2026-07-17,14:00,17:00,
Fran Ares,Fran Ares,HOUSE OF FORTUNE BY JBL,2026-07-17,14:00,15:00,
Vintage Culture,Vintage Culture,MAINSTAGE,2026-07-17,14:00,15:30,
Trip-Tamine,Trip-Tamine,PLANAXIS,2026-07-17,14:00,15:00,
Tomas Grey,Tomas Grey,THE GREAT LIBRARY,2026-07-17,14:00,15:00,
High Grade Sound,High Grade Sound,ELIXIR,2026-07-17,14:30,16:00,
Thomas Moulene,Thomas Moulene,THE RAVE CAVE,2026-07-17,14:30,16:00,
Anton Invicta,Anton Invicta,THE ROSE GARDEN,2026-07-17,14:30,16:00,
elMefti,elMefti,CAGE,2026-07-17,15:00,16:00,
Marsolo,Marsolo,CRYSTAL GARDEN,2026-07-17,15:00,16:30,
Rose Ringed,Rose Ringed,FREEDOM BY BUD,2026-07-17,15:00,16:30,
Lucca van Damme,Lucca Van Damme,HOUSE OF FORTUNE BY JBL,2026-07-17,15:00,16:00,
Rosey Gold,Rosey Gold,MELODIA BY CORONA,2026-07-17,15:00,16:30,
John OO Fleming,John OO Fleming,PLANAXIS,2026-07-17,15:00,16:00,
DJ Sally,DJ Sally,THE GREAT LIBRARY,2026-07-17,15:00,16:00,
Peterblue,Peterblue,ATMOSPHERE,2026-07-17,15:30,17:00,
Rozie,Rozie,CELESTIA BY KUCOIN,2026-07-17,15:30,17:00,
Disco Lines,Disco Lines,MAINSTAGE,2026-07-17,15:30,16:30,
LOLALITA | BRENNT,Lolalita & Brennt (live),CAGE,2026-07-17,16:00,17:00,
Milinguap,Milinguap,ELIXIR,2026-07-17,16:00,17:00,
StadiumX,StadiumX,HOUSE OF FORTUNE BY JBL,2026-07-17,16:00,17:00,
Rino,Rino,MOOSE BAR,2026-07-17,16:00,19:00,
Firaga,Firaga,PLANAXIS,2026-07-17,16:00,17:00,
Whisnu Santika,Whisnu Santika,THE GREAT LIBRARY,2026-07-17,16:00,17:00,
Panda Sound System,Panda Sound System,THE RAVE CAVE,2026-07-17,16:00,17:00,
STOOG3S,STOOG3S,THE ROSE GARDEN,2026-07-17,16:00,17:00,
Camilla jun,Camila Jun,CRYSTAL GARDEN,2026-07-17,16:30,18:00,
Frank Verstraeten,Frank Verstraeten,FREEDOM BY BUD,2026-07-17,16:30,18:00,
Bassjackers,Bassjackers,MAINSTAGE,2026-07-17,16:30,17:30,
Thakzin,Thakzin,MELODIA BY CORONA,2026-07-17,16:30,18:00,
sim0ne | Southstar,sim0ne b2b Southstar,ATMOSPHERE,2026-07-17,17:00,18:30,
VON BIKRÄV,VON BIKRÄV,CAGE,2026-07-17,17:00,18:00,
Diffrent,Diffrent,CELESTIA BY KUCOIN,2026-07-17,17:00,18:30,
Bibi Seck,Bibi Seck,CORE,2026-07-17,17:00,19:00,
Soul Shakers,Soul Shakers,ELIXIR,2026-07-17,17:00,18:00,
DJ Daddy Broos | Amber Broos,Amber Broos b2b DJ Daddy Broos,HOUSE OF FORTUNE BY JBL,2026-07-17,17:00,18:00,
Somnia,Somnia,PLANAXIS,2026-07-17,17:00,18:00,
Mike Williams,Mike Williams,THE GREAT LIBRARY,2026-07-17,17:00,18:00,
PALOMA,PALOMA,THE RAVE CAVE,2026-07-17,17:00,18:30,
Blooom | Sudley,Blooom b2b Sudley,THE ROSE GARDEN,2026-07-17,17:00,18:00,
Henri PFR,Henri PFR,MAINSTAGE,2026-07-17,17:35,18:35,
DITHER,DITHER,CAGE,2026-07-17,18:00,19:00,
Sirus Hood | Manda Moor,Manda Moor b2b Sirus Hood,CRYSTAL GARDEN,2026-07-17,18:00,19:30,
Flavour Drop,Flavour Drop,ELIXIR,2026-07-17,18:00,19:30,
Max Styler,Max Styler,FREEDOM BY BUD,2026-07-17,18:00,19:30,
Conrad Taylor,Conrad Taylor,HOUSE OF FORTUNE BY JBL,2026-07-17,18:00,19:00,
Danni Gato,Danni Gato,MELODIA BY CORONA,2026-07-17,18:00,19:00,
HI Profile,Hi Profile,PLANAXIS,2026-07-17,18:00,19:00,
Sam Feldt,Sam Feldt,THE GREAT LIBRARY,2026-07-17,18:00,19:00,
Primate,Primate,THE ROSE GARDEN,2026-07-17,18:00,19:00,
KUKO,KUKO,ATMOSPHERE,2026-07-17,18:30,20:00,
MPH,MPH,CELESTIA BY KUCOIN,2026-07-17,18:30,20:00,
ZUKE,ZUKE,THE RAVE CAVE,2026-07-17,18:30,19:30,
NERVO,NERVO,MAINSTAGE,2026-07-17,18:40,19:40,
GPF | Dr Donk,GPF b2b DR DONK,CAGE,2026-07-17,19:00,20:00,
Sally C,Sally C,CORE,2026-07-17,19:00,21:00,
Nicky Romero,Nicky Romero,HOUSE OF FORTUNE BY JBL,2026-07-17,19:00,20:00,
Vanco,Vanco,MELODIA BY CORONA,2026-07-17,19:00,20:30,
Wilbert Pigmans,Wilbert Pigmans,MOOSE BAR,2026-07-17,19:00,20:00,
Fabio Fusco,Fabio Fusco,PLANAXIS,2026-07-17,19:00,20:00,
Da Tweekaz,Da Tweekaz,THE GREAT LIBRARY,2026-07-17,19:00,20:00,
ÆON:MODE,ÆON:MODE,THE ROSE GARDEN,2026-07-17,19:00,20:00,
BLOND:ISH,BLOND:ISH,CRYSTAL GARDEN,2026-07-17,19:30,21:00,
Tola OG,Tola OG,ELIXIR,2026-07-17,19:30,20:30,
Miss Monique,Miss Monique,FREEDOM BY BUD,2026-07-17,19:30,21:00,
Justin Wilkes,Justin Wilkes,THE RAVE CAVE,2026-07-17,19:30,21:00,
Marlon Hoffstadt,Marlon Hoffstadt,MAINSTAGE,2026-07-17,19:40,20:40,
MANDY | NEGITIV,MANDY b2b NEGITIV,ATMOSPHERE,2026-07-17,20:00,21:30,
MIND COMPRESSOR,MIND COMPRESSOR,CAGE,2026-07-17,20:00,21:00,
Olive Anguz,Olive Anguz,CELESTIA BY KUCOIN,2026-07-17,20:00,21:30,
Mike Williams,Mike Williams Throwback Set,HOUSE OF FORTUNE BY JBL,2026-07-17,20:00,21:00,
Funktastix,Funktastix,MOOSE BAR,2026-07-17,20:00,00:00,
Neelix,Neelix,PLANAXIS,2026-07-17,20:00,21:30,
Ofenbach,Ofenbach,THE GREAT LIBRARY,2026-07-17,20:00,21:00,
Murdock,Murdock,THE ROSE GARDEN,2026-07-17,20:00,21:00,
Nona Van Braeckel,Nona Van Braeckel,ELIXIR,2026-07-17,20:30,21:30,
AWEN,AWEN,MELODIA BY CORONA,2026-07-17,20:30,22:00,
Novah,Novah,MAINSTAGE,2026-07-17,20:40,21:40,
LUNAKORPZ,LUNAKORPZ,CAGE,2026-07-17,21:00,22:00,
Sasha | Young Marco,Sasha b2b Young Marco,CORE,2026-07-17,21:00,23:00,
KETTAMA | Michael Bibi,Kettama b2b Michael Bibi,CRYSTAL GARDEN,2026-07-17,21:00,23:00,
Mind Against,Mind Against,FREEDOM BY BUD,2026-07-17,21:00,22:30,
Gravagerz,Gravagerz,HOUSE OF FORTUNE BY JBL,2026-07-17,21:00,22:00,
R3HAB,R3hab,THE GREAT LIBRARY,2026-07-17,21:00,22:00,
Nastya Dikikh,Nastya Dikikh,THE RAVE CAVE,2026-07-17,21:00,22:00,
A Little Sound,A Little Sound,THE ROSE GARDEN,2026-07-17,21:00,22:00,
Nico Moreno,Nico Moreno,ATMOSPHERE,2026-07-17,21:30,23:00,
BENNETT,Bennett,CELESTIA BY KUCOIN,2026-07-17,21:30,23:00,
Unregular,Unregular,ELIXIR,2026-07-17,21:30,22:30,
Omiki,Omiki,PLANAXIS,2026-07-17,21:30,22:30,
Chainsmokers,The Chainsmokers,MAINSTAGE,2026-07-17,21:45,22:45,
Vernex | NRKi,VERNEX b2b NRKi,CAGE,2026-07-17,22:00,23:00,
Da Capo | Caiiro | Enoo Napa,Da Capo b2b Caiiro b2b Enoo Napa,MELODIA BY CORONA,2026-07-17,22:00,00:00,
ARTBAT,Artbat,THE GREAT LIBRARY,2026-07-17,22:00,23:00,
CVNTS,CVNTS,THE RAVE CAVE,2026-07-17,22:00,23:00,
Kanine,Kanine,THE ROSE GARDEN,2026-07-17,22:00,23:00,
Audiowave,Audiowave,ELIXIR,2026-07-17,22:30,23:30,
4444 OF A KIND,4444 OF A KIND,FREEDOM BY BUD,2026-07-17,22:30,23:30,
Mad Maxx,Mad Maxx,PLANAXIS,2026-07-17,22:30,00:00,
Sebastian Ingrosso,Sebastian Ingrosso,MAINSTAGE,2026-07-17,22:50,23:50,
Sara Landry,Sara Landry,ATMOSPHERE,2026-07-17,23:00,00:55,
Modeselektor (DJ-set),Modeselektor (DJ-set),CORE,2026-07-17,23:00,00:50,
Franky Rizardo,Franky Rizardo,CRYSTAL GARDEN,2026-07-17,23:00,00:30,
Nicky Romero,Nicky Romero,THE GREAT LIBRARY,2026-07-17,23:00,00:00,
Junkie Kid,Junkie Kid,THE RAVE CAVE,2026-07-17,23:00,00:00,
Alison Wonderland,Alison Wonderland,THE ROSE GARDEN,2026-07-17,23:00,00:00,
Rick & James 80's Party,Rick & James 80's Party,ELIXIR,2026-07-17,23:30,01:00,
Holy Priest,Holy Priest,FREEDOM BY BUD,2026-07-17,23:30,00:30,
Martin Garrix,Martin Garrix,MAINSTAGE,2026-07-17,23:50,00:50,
Hardwell | Sub Zero Project,Hardwell b2b Sub Zero Project,THE GREAT LIBRARY,2026-07-18,00:00,00:55,
Camo & Krooked,Camo & Krooked,THE ROSE GARDEN,2026-07-18,00:00,01:00,
Interactive Noise,Interactive Noise,ATMOSPHERE,2026-07-18,12:00,14:00,
Luna Fields,Luna Fields,CAGE,2026-07-18,12:00,14:00,
DJ Sef sansT,Sef sansT,CELESTIA BY KUCOIN,2026-07-18,12:00,13:00,
Capoon,Capoon,CORE,2026-07-18,12:00,13:30,
Cici Daze,Cici Daze,CRYSTAL GARDEN,2026-07-18,12:00,13:30,
Dave Lambert,Dave Lambert,FREEDOM BY BUD,2026-07-18,12:00,13:30,
DISCOVERY,DISCOVERY,MAINSTAGE,2026-07-18,12:00,14:00,
LYA,LYA,MELODIA BY CORONA,2026-07-18,12:00,13:30,
Jeroen Visser,Jeroen Visser,MOOSE BAR,2026-07-18,12:00,15:00,
D'Angello & Francis,D'Angello & Francis,PLANAXIS,2026-07-18,12:00,13:00,
Marvin & Cameron,Marvin & Cameron,THE GREAT LIBRARY,2026-07-18,12:00,13:00,
Just-K,Just-K,THE ROSE GARDEN,2026-07-18,12:00,13:00,
Sebsky,Sebsky,CELESTIA BY KUCOIN,2026-07-18,13:00,14:00,
Sojuju & Julian Jermain,Sojuju & Julian Jermain,ELIXIR,2026-07-18,13:00,14:00,
Makasi,Makasi,HOUSE OF FORTUNE BY JBL,2026-07-18,13:00,14:00,
Chocolate Puma,Chocolate Puma,PLANAXIS,2026-07-18,13:00,14:00,
CIEL.,CIEL.,THE GREAT LIBRARY,2026-07-18,13:00,14:00,
The Spook,The Spook,THE RAVE CAVE,2026-07-18,13:00,14:00,
Phi Phi,Phi Phi,THE ROSE GARDEN,2026-07-18,13:00,14:00,
Curol,Curol,CORE,2026-07-18,13:30,15:00,
DALI,DALI,CRYSTAL GARDEN,2026-07-18,13:30,15:00,
Luna & Lenthe,Luna & Lenthe,FREEDOM BY BUD,2026-07-18,13:30,15:00,
Hermanos Inglesos,Hermanos Inglesos,MELODIA BY CORONA,2026-07-18,13:30,15:00,
Marhu,Marhu,ATMOSPHERE,2026-07-18,14:00,15:30,
Maike Depas,Maike Depas,CAGE,2026-07-18,14:00,15:30,
Honey Gee | Encure,Encure b2b Honey Gee,CELESTIA BY KUCOIN,2026-07-18,14:00,15:00,
Lordesius & Anders,Lordesius & Anders,ELIXIR,2026-07-18,14:00,15:00,
Lennert Wolfs,Lennert Wolfs,HOUSE OF FORTUNE BY JBL,2026-07-18,14:00,15:00,
Merow,Merow,MAINSTAGE,2026-07-18,14:00,15:00,
Marnik,Marnik,PLANAXIS,2026-07-18,14:00,15:00,
Marwan Dua,Marwan Dua,THE GREAT LIBRARY,2026-07-18,14:00,15:00,
Los Bomberos,Los Bomberos,THE RAVE CAVE,2026-07-18,14:00,15:00,
Jente | Neall,Jente b2b Neall,THE ROSE GARDEN,2026-07-18,14:00,15:00,
JOYSE | Ryan Spicer,Joyse b2b Ryan Spicer,CELESTIA BY KUCOIN,2026-07-18,15:00,16:00,
Betical,Betical,CORE,2026-07-18,15:00,16:30,
NOSI,NOSI,CRYSTAL GARDEN,2026-07-18,15:00,17:00,
Pretty Girls Like Trap Music Soundsystem,Pretty Girls Like Trap Music Soundsystem (Imani & Claire Lyons),ELIXIR,2026-07-18,15:00,16:00,
Plastik Funk | Olympe,Plastik Funk b2b Olympe,FREEDOM BY BUD,2026-07-18,15:00,16:30,
Mark Roma,Mark Roma,HOUSE OF FORTUNE BY JBL,2026-07-18,15:00,16:00,
Stephani B,Stephani B,MAINSTAGE,2026-07-18,15:00,16:00,
Emiliano Demarco,Emiliano Demarco,MELODIA BY CORONA,2026-07-18,15:00,16:30,
Funkhauser,Funkhauser,MOOSE BAR,2026-07-18,15:00,19:00,
Kaaze,Kaaze,PLANAXIS,2026-07-18,15:00,16:00,
Linska,Linska,THE GREAT LIBRARY,2026-07-18,15:00,16:00,
Aghatixx,Aghatixx,THE RAVE CAVE,2026-07-18,15:00,16:00,
Blvckprint,Blvckprint,THE ROSE GARDEN,2026-07-18,15:00,16:00,
Estella Boersma,Estella Boersma,ATMOSPHERE,2026-07-18,15:30,17:00,
Not My Type,Not My Type,CAGE,2026-07-18,15:30,17:00,
Block & Crown | LYNNE,Block & Crown b2b LYNNE,CELESTIA BY KUCOIN,2026-07-18,16:00,17:00,
Ballantine | Dieux-Pére,Ballantine & Dieux Père,ELIXIR,2026-07-18,16:00,17:00,
FONSI NIETO,Fonsi Nieto,HOUSE OF FORTUNE BY JBL,2026-07-18,16:00,17:00,
Omdat Het Kan & Average Rob,Omdat Het Kan & Average Rob,MAINSTAGE,2026-07-18,16:00,17:00,
Ian Asher,Ian Asher,PLANAXIS,2026-07-18,16:00,17:00,
Brits & Boen,Brits & Boen,THE RAVE CAVE,2026-07-18,16:00,17:30,
GREG S.,Greg S.,THE ROSE GARDEN,2026-07-18,16:00,17:00,
Dino Lenny,Dino Lenny,CORE,2026-07-18,16:30,18:00,
Space 92,Space 92,FREEDOM BY BUD,2026-07-18,16:30,18:00,
UNREAD,UNREAD,MELODIA BY CORONA,2026-07-18,16:30,18:00,
Elli Acula,Elli Acula,ATMOSPHERE,2026-07-18,17:00,18:30,
A.N.I.,A.N.I.,CAGE,2026-07-18,17:00,18:30,
Diego Miranda | Pette,Diego Miranda b2b Pette,CELESTIA BY KUCOIN,2026-07-18,17:00,18:00,
Dean Turnley,Dean Turnley,CRYSTAL GARDEN,2026-07-18,17:00,18:30,
WEF,WEF,ELIXIR,2026-07-18,17:00,18:00,
Quintino,Quintino,PLANAXIS,2026-07-18,17:00,18:00,
Jazzy,Jazzy,THE GREAT LIBRARY,2026-07-18,17:00,18:00,
DJ Furax,DJ Furax,THE ROSE GARDEN,2026-07-18,17:00,18:00,
Maddix,Maddix,MAINSTAGE,2026-07-18,17:05,18:05,
Monta,Monta,THE RAVE CAVE,2026-07-18,17:30,19:00,
Dimitri Vangelis & Wyman,Dimitri Vangelis & Wyman,CELESTIA BY KUCOIN,2026-07-18,18:00,19:00,
Antdot,Antdot,CORE,2026-07-18,18:00,19:30,
MELVIEE,MELV!EE,ELIXIR,2026-07-18,18:00,19:00,
Symphony of Unity,Symphony Of Unity,FREEDOM BY BUD,2026-07-18,18:00,19:00,
Lucas & Steve,Lucas & Steve,HOUSE OF FORTUNE BY JBL,2026-07-18,18:00,19:00,
Chinonegro,Chinonegro,MELODIA BY CORONA,2026-07-18,18:00,19:00,
Laidback Luke,Laidback Luke,PLANAXIS,2026-07-18,18:00,19:00,
Andromedik,Andromedik,THE GREAT LIBRARY,2026-07-18,18:00,19:00,
DJ Ghost,DJ Ghost,THE ROSE GARDEN,2026-07-18,18:00,19:00,
HALŌ,HALŌ,MAINSTAGE,2026-07-18,18:10,19:10,
Ben Klock,Ben Klock,ATMOSPHERE,2026-07-18,18:30,20:00,
Dexphase,Dexphase,CAGE,2026-07-18,18:30,20:00,
Ben Hemsley,Ben Hemsley,CRYSTAL GARDEN,2026-07-18,18:30,20:00,
Yves V,Yves V,CELESTIA BY KUCOIN,2026-07-18,19:00,20:00,
Vunzige Deuntjes Soundsystem,Vunzige Deuntjes Soundsystem,ELIXIR,2026-07-18,19:00,20:00,
Meduza³,Meduza³,FREEDOM BY BUD,2026-07-18,19:00,20:00,
Kris Kross Amsterdam,Kris Kross Amsterdam,HOUSE OF FORTUNE BY JBL,2026-07-18,19:00,20:00,
Idemi,Idemi,MELODIA BY CORONA,2026-07-18,19:00,20:30,
Je Broer,Je Broer,MOOSE BAR,2026-07-18,19:00,20:00,
SURPRISE,SURPRISE,PLANAXIS,2026-07-18,19:00,20:00,
Marten Hørger,Marten Hørger,THE GREAT LIBRARY,2026-07-18,19:00,20:00,
Vitucci,Vitucci,THE RAVE CAVE,2026-07-18,19:00,20:30,
Push,Push,THE ROSE GARDEN,2026-07-18,19:00,20:00,
Boris Brejcha,Boris Brejcha,MAINSTAGE,2026-07-18,19:10,20:10,
Samm | Ajna,SAMM b2b Ajna,CORE,2026-07-18,19:30,21:30,
BIIA | Charlie Sparks,BIIA b2b Charlie Sparks,ATMOSPHERE,2026-07-18,20:00,21:30,
BYORN,BYORN,CAGE,2026-07-18,20:00,21:30,
Dj Nano,Dj Nano,CELESTIA BY KUCOIN,2026-07-18,20:00,21:00,
MORTEN | Malaa,Morten b2b Malaa,CRYSTAL GARDEN,2026-07-18,20:00,21:30,
Kurashi Soundsystem,Kurashi Soundsystem,ELIXIR,2026-07-18,20:00,21:00,
Netsky,Netsky,FREEDOM BY BUD,2026-07-18,20:00,21:00,
Yuuki Yoshiyama,Yuuki Yoshiyama,HOUSE OF FORTUNE BY JBL,2026-07-18,20:00,21:00,
Jelle DK,Jelle DK,MOOSE BAR,2026-07-18,20:00,00:00,
Lucas & Steve,Lucas & Steve,PLANAXIS,2026-07-18,20:00,21:00,
Agents of Time,Agents Of Time,THE GREAT LIBRARY,2026-07-18,20:00,21:30,
Jan Vervloet,Jan Vervloet,THE ROSE GARDEN,2026-07-18,20:00,21:00,
John Newman,John Newman,MAINSTAGE,2026-07-18,20:10,21:10,
Sam Shure,Sam Shure,MELODIA BY CORONA,2026-07-18,20:30,22:00,
Soulcity,Soulcity,THE RAVE CAVE,2026-07-18,20:30,22:00,
Matisse & Sadko,Matisse & Sadko,CELESTIA BY KUCOIN,2026-07-18,21:00,22:00,
Encore Soundsystem,Encore Soundsystem,ELIXIR,2026-07-18,21:00,22:00,
Symphony of Unity,Symphony Of Unity,FREEDOM BY BUD,2026-07-18,21:00,22:00,
MANDY,MANDY,HOUSE OF FORTUNE BY JBL,2026-07-18,21:00,22:00,
Bassjackers,Bassjackers,PLANAXIS,2026-07-18,21:00,22:00,
Funkhauser,Funkhauser,THE ROSE GARDEN,2026-07-18,21:00,22:00,
Fisher,Fisher,MAINSTAGE,2026-07-18,21:15,22:15,
Indira Paganotto,Indira Paganotto,ATMOSPHERE,2026-07-18,21:30,23:30,
Vieze Asbak,Vieze Asbak,CAGE,2026-07-18,21:30,23:00,
Malive | Carlita,Carlita b2b Malive,CORE,2026-07-18,21:30,23:00,
Steve Angello,Steve Angello,CRYSTAL GARDEN,2026-07-18,21:30,00:30,
Lost Frequencies,Lost Frequencies,THE GREAT LIBRARY,2026-07-18,21:30,22:45,
Will Sparks,Will Sparks,CELESTIA BY KUCOIN,2026-07-18,22:00,23:00,
Rockefellababe,Rockefellababe,ELIXIR,2026-07-18,22:00,23:00,
Armin van Buuren,Armin van Buuren,FREEDOM BY BUD,2026-07-18,22:00,00:30,
TWENTY SIX,TWENTY SIX,MELODIA BY CORONA,2026-07-18,22:00,23:00,
DVBBS,DVBBS,PLANAXIS,2026-07-18,22:00,23:00,
Bobby & Djenko,Bobby & Djenko,THE RAVE CAVE,2026-07-18,22:00,23:30,
Franky Kloeck,Franky Kloeck,THE ROSE GARDEN,2026-07-18,22:00,23:00,
Dimitri Vegas & Like Mike,Dimitri Vegas & Like Mike,MAINSTAGE,2026-07-18,22:20,23:35,
Oliver Heldens,Oliver Heldens,THE GREAT LIBRARY,2026-07-18,22:45,00:00,
Bedouin,Bedouin,CORE,2026-07-18,23:00,00:50,
Afrolosjes Soundsystem,Afrolosjes Soundsystem,ELIXIR,2026-07-18,23:00,00:00,
Arado,Arado,MELODIA BY CORONA,2026-07-18,23:00,00:00,
Steve Aoki,Steve Aoki,PLANAXIS,2026-07-18,23:00,23:50,
X-TOF,X-Tof,THE ROSE GARDEN,2026-07-18,23:00,00:00,
Reinier Zonneveld (live),Reinier Zonneveld (live),ATMOSPHERE,2026-07-18,23:30,00:55,
Jonas van Opstal,Jonas van Opstal,THE RAVE CAVE,2026-07-18,23:30,01:00,
David Guetta,David Guetta,MAINSTAGE,2026-07-18,23:35,00:50,
Steww Soundsystem,Steww Soundsystem,ELIXIR,2026-07-19,00:00,01:00,
Bonzai All Stars,Bonzai All Stars,THE ROSE GARDEN,2026-07-19,00:00,01:00,
Flour,Flour,ATMOSPHERE,2026-07-19,12:00,14:00,
Klaps | Miamor,Klaps F2F Miamor,CAGE,2026-07-19,12:00,14:00,
Sentin,Sentin,CELESTIA BY KUCOIN,2026-07-19,12:00,13:30,
Massignan.y,Massignan.y,CORE,2026-07-19,12:00,14:00,
Poleen,Poleen,CRYSTAL GARDEN,2026-07-19,12:00,13:30,
Neon,Neon,FREEDOM BY BUD,2026-07-19,12:00,13:30,
DISCOVERY,DISCOVERY,MAINSTAGE,2026-07-19,12:00,14:30,
Le Windey,Le Windey,MELODIA BY CORONA,2026-07-19,12:00,13:30,
Tom Cosyns,Tom Cosyns,MOOSE BAR,2026-07-19,12:00,16:00,
Exception,Exception,PLANAXIS,2026-07-19,12:00,13:15,
Diètro,Diètro,THE GREAT LIBRARY,2026-07-19,12:00,13:00,
Digital Madness,Digital Madness,THE ROSE GARDEN,2026-07-19,12:00,13:00,
G-Lo,G-Lo,ELIXIR,2026-07-19,13:00,14:00,
DJ GAB,DJ GAB,HOUSE OF FORTUNE BY JBL,2026-07-19,13:00,14:00,
Yazzmin,Yazzmin,THE GREAT LIBRARY,2026-07-19,13:00,14:00,
YERUN,YERUN,THE RAVE CAVE,2026-07-19,13:00,15:00,
The Z.,The Z.,THE ROSE GARDEN,2026-07-19,13:00,14:30,
Punctual,Punctual,PLANAXIS,2026-07-19,13:15,15:00,
Cyria (Hybrid),Cyria (Hybrid),CELESTIA BY KUCOIN,2026-07-19,13:30,15:00,
Re-Type,Re-Type,CRYSTAL GARDEN,2026-07-19,13:30,15:00,
DJ Licious,DJ Licious,FREEDOM BY BUD,2026-07-19,13:30,15:00,
DJ Gee,DJ Gee,MELODIA BY CORONA,2026-07-19,13:30,14:30,
VE/RA,VE/RA,ATMOSPHERE,2026-07-19,14:00,16:00,
Hurts | ROW1,Hurts F2F ROW 1,CAGE,2026-07-19,14:00,15:30,
Ineffekt,Ineffekt,CORE,2026-07-19,14:00,16:00,
Sako Glitch,Sako Glitch,ELIXIR,2026-07-19,14:00,15:00,
Krevix,Krevix,HOUSE OF FORTUNE BY JBL,2026-07-19,14:00,15:00,
James Carter,James Carter,THE GREAT LIBRARY,2026-07-19,14:00,15:00,
Hannah Laing,Hannah Laing,MAINSTAGE,2026-07-19,14:30,15:30,
Christian82,Christian82,MELODIA BY CORONA,2026-07-19,14:30,15:30,
Adrenalize,Adrenalize,THE ROSE GARDEN,2026-07-19,14:30,15:30,
Fake Mood,Fake Mood,CELESTIA BY KUCOIN,2026-07-19,15:00,16:30,
Hitty,Hitty,CRYSTAL GARDEN,2026-07-19,15:00,16:30,
Favella Som Sistema,Favella Som Sistema,ELIXIR,2026-07-19,15:00,16:00,
Aline Rocha,Aline Rocha,FREEDOM BY BUD,2026-07-19,15:00,16:00,
ADAM K,AdamK,HOUSE OF FORTUNE BY JBL,2026-07-19,15:00,16:00,
SABAI,SABAI,PLANAXIS,2026-07-19,15:00,16:00,
Viktor,Viktor,THE GREAT LIBRARY,2026-07-19,15:00,16:00,
Mell Tierra,Mell Tierra,THE RAVE CAVE,2026-07-19,15:00,16:30,
FUMI | HUJUS,FUMI F2F HUJUS,CAGE,2026-07-19,15:30,17:00,
Karakals,Karakals,MAINSTAGE,2026-07-19,15:30,16:30,
Tania Moon,Tania Moon,MELODIA BY CORONA,2026-07-19,15:30,16:30,
TNT,TNT,THE ROSE GARDEN,2026-07-19,15:30,16:30,
Blondex,Blondex,ATMOSPHERE,2026-07-19,16:00,17:30,
Fafi Abdel Nour,Fafi Abdel Nour,CORE,2026-07-19,16:00,18:00,
DJ FASTA,DJ FASTA,ELIXIR,2026-07-19,16:00,17:00,
Arielle Free,Arielle Free,FREEDOM BY BUD,2026-07-19,16:00,17:30,
Sofia Cristo,Sofía Cristo,HOUSE OF FORTUNE BY JBL,2026-07-19,16:00,17:00,
Les Mecs Eclectics,Les Mecs Eclectics,MOOSE BAR,2026-07-19,16:00,19:00,
[IVY],[IVY],PLANAXIS,2026-07-19,16:00,17:00,
Hypaton,Hypaton,THE GREAT LIBRARY,2026-07-19,16:00,17:00,
Öona Dahl,Öona Dahl,CELESTIA BY KUCOIN,2026-07-19,16:30,18:00,
ELFIGO,ELFIGO,CRYSTAL GARDEN,2026-07-19,16:30,18:00,
Malugi,Malugi,MAINSTAGE,2026-07-19,16:30,17:30,
CRISTINA TOSIO,CRISTINA TOSIO,MELODIA BY CORONA,2026-07-19,16:30,18:00,
Dries Smet,Dries Smet,THE RAVE CAVE,2026-07-19,16:30,17:30,
Rooler,Rooler,THE ROSE GARDEN,2026-07-19,16:30,17:30,
David Löhlein | Yasmin Regisford,David Löhlein F2F Yasmin regisford,CAGE,2026-07-19,17:00,18:30,
Noah,Noah,ELIXIR,2026-07-19,17:00,18:00,
Sam Hofman,Sam Hofman,HOUSE OF FORTUNE BY JBL,2026-07-19,17:00,18:00,
Nostalgix,Nostalgix,PLANAXIS,2026-07-19,17:00,18:00,
Gabry Ponte,Gabry Ponte,THE GREAT LIBRARY,2026-07-19,17:00,18:00,
SHDW | ÜBERKIKZ,SHDW b2b ÜBERKIKZ,ATMOSPHERE,2026-07-19,17:30,19:00,
Jack Shore,Jack Shore,FREEDOM BY BUD,2026-07-19,17:30,18:30,
Noaffection | OM3N,Noaffection b2b OM3N,THE RAVE CAVE,2026-07-19,17:30,19:00,
DJ Isaac,Isaac,THE ROSE GARDEN,2026-07-19,17:30,18:30,
Kevin de Vries,Kevin de Vries,MAINSTAGE,2026-07-19,17:35,18:35,
Helsloot,Helsloot,CELESTIA BY KUCOIN,2026-07-19,18:00,19:30,
Sedef Adasï,Sedef Adasï,CORE,2026-07-19,18:00,20:00,
WADE,Wade,CRYSTAL GARDEN,2026-07-19,18:00,19:30,
Team DAMP,Team Damp,ELIXIR,2026-07-19,18:00,19:00,
NORO$T,NORO$T,HOUSE OF FORTUNE BY JBL,2026-07-19,18:00,19:00,
Lunnas,Lunnas,MELODIA BY CORONA,2026-07-19,18:00,19:00,
LEVEL UP,LEVEL UP,PLANAXIS,2026-07-19,18:00,19:00,
MATTN,MATTN,THE GREAT LIBRARY,2026-07-19,18:00,19:00,
EMILIJA | Frederic Selected,EMILIJA F2F Frederic.,CAGE,2026-07-19,18:30,20:00,
Pegassi,Pegassi,FREEDOM BY BUD,2026-07-19,18:30,20:00,
Rebelion,Rebelion,THE ROSE GARDEN,2026-07-19,18:30,19:30,
B Jones,B Jones,MAINSTAGE,2026-07-19,18:40,19:40,
Øtta,Øtta,ATMOSPHERE,2026-07-19,19:00,20:30,
Heaven Sam,Heaven Sam,ELIXIR,2026-07-19,19:00,20:00,
Da Tweekaz,Da Tweekaz,HOUSE OF FORTUNE BY JBL,2026-07-19,19:00,20:00,
Marta Loe,Marta Loe b2b Rebeca Ark,MELODIA BY CORONA,2026-07-19,19:00,20:00,
Effe Serieus,Effe Serieus,MOOSE BAR,2026-07-19,19:00,20:00,
Arcando,Arcando,PLANAXIS,2026-07-19,19:00,20:00,
Blasterjaxx,Blasterjaxx,THE GREAT LIBRARY,2026-07-19,19:00,20:00,
Nederhand,Nederhand,THE RAVE CAVE,2026-07-19,19:00,20:00,
MXGPU (Hybrid),MXGPU (Hybrid),CELESTIA BY KUCOIN,2026-07-19,19:30,21:00,
DJ Gigola,DJ Gigola,CRYSTAL GARDEN,2026-07-19,19:30,21:00,
Pat B,Pat B,THE ROSE GARDEN,2026-07-19,19:30,20:30,
SURPRISE,SURPRISE,MAINSTAGE,2026-07-19,19:40,20:40,
Serafina | zwilling.,Serafina F2F zwilling,CAGE,2026-07-19,20:00,21:30,
Avalon Emerson | Ben UFO,Avalon Emerson b2b Ben UFO,CORE,2026-07-19,20:00,22:00,
Karyo,Karyo,ELIXIR,2026-07-19,20:00,21:00,
Chase & Status (DJ set),Chase & Status (DJ set),FREEDOM BY BUD,2026-07-19,20:00,21:00,
Delafino,Delafino,MELODIA BY CORONA,2026-07-19,20:00,21:00,
Jerrooo,Jerrooo,MOOSE BAR,2026-07-19,20:00,00:00,
Malaa's  Alter Ego,Malaa's  Alter Ego,PLANAXIS,2026-07-19,20:00,21:00,
Gryffin,Gryffin,THE GREAT LIBRARY,2026-07-19,20:00,21:00,
Foxed Up,Foxed Up,THE RAVE CAVE,2026-07-19,20:00,21:00,
Anetha,Anetha,ATMOSPHERE,2026-07-19,20:30,22:30,
Sub Zero Project,Sub Zero Project,THE ROSE GARDEN,2026-07-19,20:30,22:00,
John Summit,John Summit,MAINSTAGE,2026-07-19,20:40,21:40,
Nico Morano | Xinobi,Nico Morano b2b Xinobi,CELESTIA BY KUCOIN,2026-07-19,21:00,22:30,
Oscar and the Wolf,Oscar and the Wolf,CRYSTAL GARDEN,2026-07-19,21:00,22:00,
Tribal Kush,Tribal Kush,ELIXIR,2026-07-19,21:00,22:00,
ALOK,ALOK: Rave The World,FREEDOM BY BUD,2026-07-19,21:00,22:00,
Blasterjaxx,Blasterjaxx,HOUSE OF FORTUNE BY JBL,2026-07-19,21:00,22:00,
Dave Hang,Dave Hang,MELODIA BY CORONA,2026-07-19,21:00,22:00,
Liquid Stranger,Liquid Stranger,PLANAXIS,2026-07-19,21:00,22:00,
Dimitri Vegas | Timmy Trumpet,Dimitri Vegas b2b Timmy Trumpet,THE GREAT LIBRARY,2026-07-19,21:00,22:00,
MITCHED,Mitched,THE RAVE CAVE,2026-07-19,21:00,22:00,
Adrián Mills | SISU,Adrián Mills F2F SISU,CAGE,2026-07-19,21:30,23:00,
Alesso,Alesso,MAINSTAGE,2026-07-19,21:45,22:45,
Job Jobse,Job Jobse,CORE,2026-07-19,22:00,23:50,
Vintage Culture | DJ Tennis,DJ Tennis b2b Vintage Culture,CRYSTAL GARDEN,2026-07-19,22:00,23:30,
Sleazy Stereo,Sleazy Stereo,ELIXIR,2026-07-19,22:00,23:00,
I Hate Models,I Hate Models,FREEDOM BY BUD,2026-07-19,22:00,23:30,
Felix Da Funk,Felix Da Funk,MELODIA BY CORONA,2026-07-19,22:00,23:00,
Seven Lions,Seven Lions,PLANAXIS,2026-07-19,22:00,23:00,
Afrojack,Afrojack,THE GREAT LIBRARY,2026-07-19,22:00,23:00,
Coco Bevan,Coco Bevan,THE RAVE CAVE,2026-07-19,22:00,23:00,
The Saints,The Saints,THE ROSE GARDEN,2026-07-19,22:00,23:00,
Amelie Lens,Amelie Lens,ATMOSPHERE,2026-07-19,22:30,23:55,
Calvin Harris,Calvin Harris,MAINSTAGE,2026-07-19,22:50,23:50,
Jeronimo,Jeronimø,ELIXIR,2026-07-19,23:00,00:00,
Subtronics,Subtronics,PLANAXIS,2026-07-19,23:00,00:00,
Vini Vici,Vini Vici,THE GREAT LIBRARY,2026-07-19,23:00,23:55,
Godtripper,Godtripper,THE RAVE CAVE,2026-07-19,23:00,23:50,
DJ Renee,Renee,THE GATHERING,2026-07-23,13:00,14:00,
Naomi Cazier,Naomi Cazier,THE GATHERING,2026-07-23,14:00,15:00,
MAEYER,MAEYER,THE GATHERING II,2026-07-23,14:00,16:00,
Dave Lambert,Dave Lambert,THE GATHERING,2026-07-23,15:00,16:00,
Meaghan,Meaghan,THE GATHERING,2026-07-23,16:00,16:45,
Billy,Billy,THE GATHERING II,2026-07-23,16:00,18:00,
ELFIGO,ELFIGO,THE GATHERING,2026-07-23,16:45,17:30,
BYORN,BYORN,THE GATHERING,2026-07-23,17:30,18:15,
BISOUX,Bisoux,THE GATHERING II,2026-07-23,18:00,20:00,
Omdat Het Kan & Average Rob,Omdat Het Kan & Average Rob,THE GATHERING,2026-07-23,18:15,19:15,
Regi | Yves V,Regi b2b Yves V,THE GATHERING,2026-07-23,19:15,20:15,
ROW1,ROW1,THE GATHERING II,2026-07-23,20:00,22:00,
Andromedik,Andromedik,THE GATHERING,2026-07-23,20:15,21:00,
SURPRISE,SURPRISE,THE GATHERING,2026-07-23,21:00,22:00,
SURPRISE,SURPRISE,THE GATHERING,2026-07-23,22:00,23:00,
Luna Fields,Luna Fields,THE GATHERING II,2026-07-23,22:00,00:00,
SURPRISE,SURPRISE,THE GATHERING,2026-07-23,23:00,00:00,
Skeletor Yogi,Skeletor Yogi,ATMOSPHERE,2026-07-24,12:00,14:00,
Bazzy,BAZZY,CAGE,2026-07-24,12:00,13:00,
Gissa,Gissa,CELESTIA BY KUCOIN,2026-07-24,12:00,13:30,
Fais Le Beau | Sixsixsixties,Fais Le Beau b2b Sixsixsixties,CORE,2026-07-24,12:00,15:00,
Deco,Deco,CRYSTAL GARDEN,2026-07-24,12:00,13:30,
Esin Boz,Esin Boz,FREEDOM BY BUD,2026-07-24,12:00,13:30,
DISCOVERY,DISCOVERY,MAINSTAGE,2026-07-24,12:00,14:00,
SPIES,SPIES,MELODIA BY CORONA,2026-07-24,12:00,14:00,
Prosit,Prosit,MOOSE BAR,2026-07-24,12:00,16:00,
Locus,Locus,PLANAXIS,2026-07-24,12:00,13:00,
Calumny,Calumny,THE GREAT LIBRARY,2026-07-24,12:00,13:00,
Shawiya Tribe,Shawiya Tribe,THE ROSE GARDEN,2026-07-24,12:00,13:30,
Toxic Twins,TOXIC TWINS,CAGE,2026-07-24,13:00,14:00,
Rosh,Rosh,ELIXIR,2026-07-24,13:00,14:30,
Reygel,Reygel,HOUSE OF FORTUNE BY JBL,2026-07-24,13:00,14:00,
Domi Re,Domi Re,PLANAXIS,2026-07-24,13:00,14:00,
Meaghan,Meaghan,THE GREAT LIBRARY,2026-07-24,13:00,14:00,
Sanne Dammers,Sanne Dammers,THE RAVE CAVE,2026-07-24,13:00,14:30,
Saar Kuus,Saar Kuus,CELESTIA BY KUCOIN,2026-07-24,13:30,15:00,
Capoon,Capoon,CRYSTAL GARDEN,2026-07-24,13:30,15:30,
JOA,JOA,FREEDOM BY BUD,2026-07-24,13:30,15:00,
LICIA,LICIA,THE ROSE GARDEN,2026-07-24,13:30,15:00,
BOY&GIRL,BOY&GIRL,ATMOSPHERE,2026-07-24,14:00,15:30,
TODIEFOR,TODIEFOR,CAGE,2026-07-24,14:00,15:00,
Alan Alvarez,Alan Alvarez & CRAZY SIR-G,HOUSE OF FORTUNE BY JBL,2026-07-24,14:00,15:00,
JOULIE,Joulie,MELODIA BY CORONA,2026-07-24,14:00,15:30,
Beat Controllers,Beat Controllers,PLANAXIS,2026-07-24,14:00,15:00,
NOME.,NOME.,THE GREAT LIBRARY,2026-07-24,14:00,15:00,
Brooke Bailey | Taliyah Ayana,Brooke Bailey b2b Taliyah Ayana,ELIXIR,2026-07-24,14:30,16:00,
Leesa,Leesa,THE RAVE CAVE,2026-07-24,14:30,16:00,
Imhappy,IMHAPPY,CAGE,2026-07-24,15:00,16:00,
AAT,AAT,CELESTIA BY KUCOIN,2026-07-24,15:00,16:30,
Kamma,Kamma,CORE,2026-07-24,15:00,17:00,
Aaron Hibell,Aaron Hibell,FREEDOM BY BUD,2026-07-24,15:00,16:00,
Martin Trevy,Martin Trevy,HOUSE OF FORTUNE BY JBL,2026-07-24,15:00,16:00,
Vitor Falabella,Vitor Falabella,PLANAXIS,2026-07-24,15:00,16:00,
5napback,5NAPBACK,THE GREAT LIBRARY,2026-07-24,15:00,16:00,
Lucky Luke,Lucky Luke,THE ROSE GARDEN,2026-07-24,15:00,16:00,
Mha Iri,Mha Iri,ATMOSPHERE,2026-07-24,15:30,17:00,
Malive,Malive,CRYSTAL GARDEN,2026-07-24,15:30,17:00,
Ely Oaks,Ely Oaks,MAINSTAGE,2026-07-24,15:30,16:30,
L-Fêtes,L-Fêtes,MELODIA BY CORONA,2026-07-24,15:30,17:00,
NATTE VISSTICK,NATTE VISSTICK,CAGE,2026-07-24,16:00,17:00,
VALENTINO IGNOTO,Valentino Ignoto,ELIXIR,2026-07-24,16:00,17:00,
Amber Broos | Juliet Fox,Amber Broos b2b Juliet Fox,FREEDOM BY BUD,2026-07-24,16:00,17:30,
Vinne,Vinne,HOUSE OF FORTUNE BY JBL,2026-07-24,16:00,17:00,
Jo Cox,Jo Cox,MOOSE BAR,2026-07-24,16:00,19:00,
Firaga,Firaga,PLANAXIS,2026-07-24,16:00,17:00,
Merow,Merow,THE GREAT LIBRARY,2026-07-24,16:00,17:00,
VIKTÖR & MZDZ,VIKTÖR b2b MZDZ,THE RAVE CAVE,2026-07-24,16:00,17:30,
Goddard.,Goddard. & Dread MC,THE ROSE GARDEN,2026-07-24,16:00,17:00,
Mark Knight,Mark Knight,CELESTIA BY KUCOIN,2026-07-24,16:30,18:30,
Yves V,Yves V,MAINSTAGE,2026-07-24,16:30,17:30,
Callush,Callush,ATMOSPHERE,2026-07-24,17:00,18:30,
DJ Furax,DJ FURAX,CAGE,2026-07-24,17:00,18:00,
Bibi Seck | Faisal,Bibi Seck b2b Faisal,CORE,2026-07-24,17:00,19:00,
Joezi,Joezi,CRYSTAL GARDEN,2026-07-24,17:00,18:30,
Iris Rooth,Iris Rooth,ELIXIR,2026-07-24,17:00,18:00,
Ely Oaks,Ely Oaks,HOUSE OF FORTUNE BY JBL,2026-07-24,17:00,18:00,
Planet Groove DJ's,Planet Groove DJ's,MELODIA BY CORONA,2026-07-24,17:00,19:15,
Somnia,Somnia,PLANAXIS,2026-07-24,17:00,18:00,
B Jones,B Jones,THE GREAT LIBRARY,2026-07-24,17:00,18:00,
Ghengar,Ghengar,THE ROSE GARDEN,2026-07-24,17:00,18:00,
Enrico Sangiuliano,Enrico Sangiuliano,FREEDOM BY BUD,2026-07-24,17:30,19:00,
Lou8,Lou8,THE RAVE CAVE,2026-07-24,17:30,18:30,
Miss Monique,Miss Monique,MAINSTAGE,2026-07-24,17:35,18:35,
Partyraiser | BULLETPROOF,PARTYRAISER b2b BULLETPROOF,CAGE,2026-07-24,18:00,19:00,
MIRO,Miro,ELIXIR,2026-07-24,18:00,19:00,
ELFIGO,ELFIGO,HOUSE OF FORTUNE BY JBL,2026-07-24,18:00,19:00,
Phaxe,Phaxe,PLANAXIS,2026-07-24,18:00,19:00,
Regi,Regi,THE GREAT LIBRARY,2026-07-24,18:00,19:00,
ALLEYCVT,ALLEYCVT,THE ROSE GARDEN,2026-07-24,18:00,19:00,
Hannah Laing,Hannah Laing,ATMOSPHERE,2026-07-24,18:30,19:30,
Belters Only,Belters Only,CELESTIA BY KUCOIN,2026-07-24,18:30,20:00,
Kitty Amor | Curol,Kitty Amor b2b Curol,CRYSTAL GARDEN,2026-07-24,18:30,20:00,
Jared,Jared,THE RAVE CAVE,2026-07-24,18:30,19:30,
Indira Paganotto,Indira Paganotto,MAINSTAGE,2026-07-24,18:40,19:40,
DRS | Sandy Warez,DRS b2b SANDY WAREZ,CAGE,2026-07-24,19:00,20:00,
Ogazón,Ogazón,CORE,2026-07-24,19:00,20:30,
Nems,Nems,ELIXIR,2026-07-24,19:00,20:00,
John Newman,John Newman (Live band),FREEDOM BY BUD,2026-07-24,19:00,20:00,
Telykast,Telykast,HOUSE OF FORTUNE BY JBL,2026-07-24,19:00,20:00,
Otto Wunderbar,Otto Wunderbar,MOOSE BAR,2026-07-24,19:00,20:00,
Blazy,Blazy,PLANAXIS,2026-07-24,19:00,20:00,
MANDY,MANDY,THE GREAT LIBRARY,2026-07-24,19:00,20:00,
Basstripper,Basstripper,THE ROSE GARDEN,2026-07-24,19:00,20:00,
Eko Roosevelt Live,Eko Roosevelt Live,MELODIA BY CORONA,2026-07-24,19:15,20:00,
BYORN,BYORN,ATMOSPHERE,2026-07-24,19:30,20:30,
Xijaro & Pitch,Xijaro & Pitch,THE RAVE CAVE,2026-07-24,19:30,20:30,
Nicky Romero,Nicky Romero,MAINSTAGE,2026-07-24,19:40,20:40,
LEKKERFACES,LEKKERFACES,CAGE,2026-07-24,20:00,21:00,
Ruze | Ranger Trucco,Ruze b2b Ranger Trucco,CELESTIA BY KUCOIN,2026-07-24,20:00,21:30,
Shimza,Shimza,CRYSTAL GARDEN,2026-07-24,20:00,21:30,
$hirak,$hirak,ELIXIR,2026-07-24,20:00,21:00,
Bebe Rexha,Bebe Rexha,FREEDOM BY BUD,2026-07-24,20:00,20:30,
Didi Han,Didi Han,HOUSE OF FORTUNE BY JBL,2026-07-24,20:00,21:00,
John Noseda,John Noseda,MELODIA BY CORONA,2026-07-24,20:00,22:00,
The Bobmeister,The Bobmeister,MOOSE BAR,2026-07-24,20:00,00:00,
Blastoyz,Blastoyz,PLANAXIS,2026-07-24,20:00,21:00,
Omdat Het Kan & Average Rob,Omdat Het Kan & Average Rob,THE GREAT LIBRARY,2026-07-24,20:00,21:00,
Jessica Audiffred,Jessica Audiffred,THE ROSE GARDEN,2026-07-24,20:00,21:00,
DYEN | Maddix,Dyen b2b Maddix,ATMOSPHERE,2026-07-24,20:30,21:30,
Bullet Tooth,Bullet Tooth,CORE,2026-07-24,20:30,22:00,
James Hype,James Hype,FREEDOM BY BUD,2026-07-24,20:30,21:30,
Mr. Joy,Mr. Joy,THE RAVE CAVE,2026-07-24,20:30,22:00,
Kölsch,Kölsch,MAINSTAGE,2026-07-24,20:40,21:40,
Yoshiko,YOSHIKO,CAGE,2026-07-24,21:00,22:00,
FLASH,Flash,ELIXIR,2026-07-24,21:00,22:00,
Meguru,MEGURU,HOUSE OF FORTUNE BY JBL,2026-07-24,21:00,22:00,
Vegas,Vegas,PLANAXIS,2026-07-24,21:00,22:00,
HALŌ,HALŌ,THE GREAT LIBRARY,2026-07-24,21:00,22:00,
Riot Ten,Riot Ten,THE ROSE GARDEN,2026-07-24,21:00,22:00,
AZYR,Azyr,ATMOSPHERE,2026-07-24,21:30,23:00,
Mr. Belt & Wezol,Mr. Belt & Wezol,CELESTIA BY KUCOIN,2026-07-24,21:30,23:00,
Hugel,Hugel,CRYSTAL GARDEN,2026-07-24,21:30,23:00,
Fisher,Fisher,FREEDOM BY BUD,2026-07-24,21:30,23:00,
ALOK,Alok,MAINSTAGE,2026-07-24,21:45,22:45,
TERRORCLOWN,TERRORCLOWN,CAGE,2026-07-24,22:00,23:00,
Mall Grab,Mall Grab,CORE,2026-07-24,22:00,23:45,
Dany Neville,Dany Neville,ELIXIR,2026-07-24,22:00,23:00,
Jeroen Delodder,Jeroen Delodder,MELODIA BY CORONA,2026-07-24,22:00,00:00,
Avalon,Avalon,PLANAXIS,2026-07-24,22:00,23:00,
Kaskade,Kaskade,THE GREAT LIBRARY,2026-07-24,22:00,23:00,
Mairee,Mairee,THE RAVE CAVE,2026-07-24,22:00,23:00,
BOU + B LIVE 247,BOU + B LIVE 247,THE ROSE GARDEN,2026-07-24,22:00,23:00,
Steve Angello,Steve Angello,MAINSTAGE,2026-07-24,22:50,23:50,
Onlynumbers,Onlynumbers,ATMOSPHERE,2026-07-24,23:00,00:00,
Mahmut Orhan,Mahmut Orhan,CRYSTAL GARDEN,2026-07-24,23:00,00:30,
IRWAN,Irwan,ELIXIR,2026-07-24,23:00,00:00,
Alesso,Alesso,FREEDOM BY BUD,2026-07-24,23:00,00:30,
Electric Universe,Electric Universe,PLANAXIS,2026-07-24,23:00,00:00,
Alan Walker,Alan Walker,THE GREAT LIBRARY,2026-07-24,23:00,00:00,
BISOUX | Jef Nice,Bisoux b2b Jef Nice,THE RAVE CAVE,2026-07-24,23:00,00:00,
Borgore,Borgore,THE ROSE GARDEN,2026-07-24,23:00,00:00,
Oscar and the Wolf,Oscar and the Wolf,CORE,2026-07-24,23:45,00:50,
Hardwell,Hardwell,MAINSTAGE,2026-07-24,23:50,00:50,
Holy Priest,Holy Priest,ATMOSPHERE,2026-07-25,00:00,00:55,
CHAM | UNEAK,Cham b2b Uneak,ELIXIR,2026-07-25,00:00,01:00,
Illenium,Illenium,THE GREAT LIBRARY,2026-07-25,00:00,00:55,
Sullivan King,Sullivan King,THE ROSE GARDEN,2026-07-25,00:00,01:00,
Kneiz,Kneiz,ATMOSPHERE,2026-07-25,12:00,14:00,
Rune Evens,Rune Evens,CAGE,2026-07-25,12:00,13:30,
Yamo,Yamo,CELESTIA BY KUCOIN,2026-07-25,12:00,13:00,
DC Noises | Tori.Ann,DC Noises b2b Tori.Ann,CORE,2026-07-25,12:00,15:00,
Naomi Cazier,Naomi Cazier,CRYSTAL GARDEN,2026-07-25,12:00,13:30,
Romy Janssen,Romy Janssen,FREEDOM BY BUD,2026-07-25,12:00,13:30,
DISCOVERY,DISCOVERY,MAINSTAGE,2026-07-25,12:00,14:00,
Mooris,Mooris,MELODIA BY CORONA,2026-07-25,12:00,14:00,
Mobius One,Mobius One,MOOSE BAR,2026-07-25,12:00,15:00,
NA:TUS,NA:TUS,PLANAXIS,2026-07-25,12:00,13:30,
Luna & Lenthe,Luna & Lenthe,THE GREAT LIBRARY,2026-07-25,12:00,13:00,
Quincy,Quincy,THE ROSE GARDEN,2026-07-25,12:00,13:30,
Odssey,Odssey,CELESTIA BY KUCOIN,2026-07-25,13:00,14:00,
Knox Kind,Knox Kind,ELIXIR,2026-07-25,13:00,14:00,
Triciaa,Triciaa,HOUSE OF FORTUNE BY JBL,2026-07-25,13:00,14:00,
Radio Cargo,Radio Cargo,THE GREAT LIBRARY,2026-07-25,13:00,14:00,
Charleen Herzig,Charleen Herzig,THE RAVE CAVE,2026-07-25,13:00,14:30,
Macon,Macon,CAGE,2026-07-25,13:30,14:45,
GUZ,GUZ,CRYSTAL GARDEN,2026-07-25,13:30,15:00,
Calao,Calao,FREEDOM BY BUD,2026-07-25,13:30,15:00,
Tim Bliss,Tim Bliss,PLANAXIS,2026-07-25,13:30,15:00,
Danny Corten,Danny Corten,THE ROSE GARDEN,2026-07-25,13:30,15:00,
2hot2play,2hot2play,ATMOSPHERE,2026-07-25,14:00,16:00,
LNY TNZ: Jump Never Dies (Take-Over),LNY TNZ: Jump Never Dies (Take-Over),CELESTIA BY KUCOIN,2026-07-25,14:00,16:00,
RUBY XX,RUBY XX,ELIXIR,2026-07-25,14:00,15:00,
Likki,Likki,HOUSE OF FORTUNE BY JBL,2026-07-25,14:00,14:30,
Angemi,Angemi,MAINSTAGE,2026-07-25,14:00,15:00,
Emilia De La Paz,Emilia De La Paz,MELODIA BY CORONA,2026-07-25,14:00,15:30,
me n ü,me n ü,THE GREAT LIBRARY,2026-07-25,14:00,15:00,
Gaddi,Gaddi,HOUSE OF FORTUNE BY JBL,2026-07-25,14:30,15:00,
Simon B,Simon B,THE RAVE CAVE,2026-07-25,14:30,16:00,
X&Trick,X&Trick,CAGE,2026-07-25,14:45,16:15,
SHEE,SHEE,CORE,2026-07-25,15:00,16:30,
Roddy Lima,Roddy Lima,CRYSTAL GARDEN,2026-07-25,15:00,16:30,
Butterfly Effect,Butterfly Effect,ELIXIR,2026-07-25,15:00,16:00,
PHILOU,PHILOU,FREEDOM BY BUD,2026-07-25,15:00,16:00,
Rassix,Rassix,HOUSE OF FORTUNE BY JBL,2026-07-25,15:00,15:30,
Mike Williams,Mike Williams,MAINSTAGE,2026-07-25,15:00,16:15,
MR. E.,Mr. E,MOOSE BAR,2026-07-25,15:00,19:00,
Alicia Hahn,Alicia Hahn,PLANAXIS,2026-07-25,15:00,16:30,
Mesto,Mesto,THE GREAT LIBRARY,2026-07-25,15:00,16:00,
Maite Dedecker,Maite Dedecker,THE ROSE GARDEN,2026-07-25,15:00,16:30,
TOO BIASED,TOO BIASED,HOUSE OF FORTUNE BY JBL,2026-07-25,15:30,16:00,
Soulastico | TOHMA,Soulastico b2b Tohma,MELODIA BY CORONA,2026-07-25,15:30,17:30,
Noise Mafia,Noise Mafia,ATMOSPHERE,2026-07-25,16:00,17:30,
Swanky Tunes,Swanky Tunes,CELESTIA BY KUCOIN,2026-07-25,16:00,17:00,
DJ ART,DJ ART,ELIXIR,2026-07-25,16:00,17:00,
Mosimann | ELFIGO,Mosimann b2b ELFIGO,FREEDOM BY BUD,2026-07-25,16:00,17:00,
Yaz.,Yaz.,HOUSE OF FORTUNE BY JBL,2026-07-25,16:00,17:00,
ZHU,ZHU,THE GREAT LIBRARY,2026-07-25,16:00,17:00,
Pat Krimson,Pat Krimson,THE RAVE CAVE,2026-07-25,16:00,17:30,
IOSIO,IOSIO,CAGE,2026-07-25,16:15,17:30,
D.O.D,D.O.D,MAINSTAGE,2026-07-25,16:15,17:15,
Dino Lenny | Radioslave,Dino Lenny b2b Radioslave,CORE,2026-07-25,16:30,18:30,
LP Giobbi,LP Giobbi,CRYSTAL GARDEN,2026-07-25,16:30,18:00,
Yet More,Yet More,PLANAXIS,2026-07-25,16:30,18:00,
Dimitri Cooman,Dimitri Cooman,THE ROSE GARDEN,2026-07-25,16:30,17:30,
Bingo Players with Iceman,Bingo Players with Iceman,CELESTIA BY KUCOIN,2026-07-25,17:00,18:00,
Eimco,Eimco,ELIXIR,2026-07-25,17:00,18:00,
Andromedik,Andromedik,FREEDOM BY BUD,2026-07-25,17:00,18:00,
Carly Wilford,Carly Wilford,HOUSE OF FORTUNE BY JBL,2026-07-25,17:00,18:00,
Henri PFR,Henri PFR,THE GREAT LIBRARY,2026-07-25,17:00,18:00,
MATTN,MATTN,MAINSTAGE,2026-07-25,17:20,18:20,
EMILIJA,EMILIJA b2b Fenrick,ATMOSPHERE,2026-07-25,17:30,19:00,
Mero | Daire,Daire b2b Mero,CAGE,2026-07-25,17:30,19:00,
Larry Masmero,Larry Masmero,MELODIA BY CORONA,2026-07-25,17:30,19:00,
Roma,Roma,THE RAVE CAVE,2026-07-25,17:30,19:00,
DJ Ghost,DJ Ghost,THE ROSE GARDEN,2026-07-25,17:30,18:30,
Dada Life,Dada Life,CELESTIA BY KUCOIN,2026-07-25,18:00,19:00,
Odd Mob | Ayybo,Ayybo b2b Odd Mob,CRYSTAL GARDEN,2026-07-25,18:00,19:30,
Sandersville,Sandersville,ELIXIR,2026-07-25,18:00,19:00,
Symphony of Unity,Symphony Of Unity,FREEDOM BY BUD,2026-07-25,18:00,19:00,
Mosimann,Mosimann,HOUSE OF FORTUNE BY JBL,2026-07-25,18:00,19:00,
Dyzen,Dyzen,PLANAXIS,2026-07-25,18:00,19:30,
Chris Lorenzo,Chris Lorenzo,THE GREAT LIBRARY,2026-07-25,18:00,19:00,
MORTEN,Morten,MAINSTAGE,2026-07-25,18:20,19:20,
DJ BORING,DJ Boring,CORE,2026-07-25,18:30,20:30,
Franky Kloeck,Franky Kloeck,THE ROSE GARDEN,2026-07-25,18:30,19:30,
ALT8,Alt8,ATMOSPHERE,2026-07-25,19:00,20:30,
Uberjak'd feat Ella Young,Uberjak'd feat Ella Young,CAGE,2026-07-25,19:00,20:00,
Chocolate Puma,Chocolate Puma,CELESTIA BY KUCOIN,2026-07-25,19:00,20:00,
Lady S,Lady S,ELIXIR,2026-07-25,19:00,20:00,
Massano,Massano,FREEDOM BY BUD,2026-07-25,19:00,20:00,
N0sefin,N0sefin,HOUSE OF FORTUNE BY JBL,2026-07-25,19:00,20:00,
Geheimzinnig Soundsystem,Geheimzinnig Soundsystem,MELODIA BY CORONA,2026-07-25,19:00,20:30,
De Romeo's,De Romeo's,MOOSE BAR,2026-07-25,19:00,20:00,
Wilkinson,Wilkinson,THE GREAT LIBRARY,2026-07-25,19:00,20:00,
Ben Malone,Ben Malone,THE RAVE CAVE,2026-07-25,19:00,20:30,
Agents of Time,Agents of Time,MAINSTAGE,2026-07-25,19:20,20:20,
Max Styler,Max Styler,CRYSTAL GARDEN,2026-07-25,19:30,21:00,
Yulia Niko,Yulia Niko,PLANAXIS,2026-07-25,19:30,21:00,
Jamie Dill,Jamie Dill,THE ROSE GARDEN,2026-07-25,19:30,20:30,
Niotech,Niotech,CAGE,2026-07-25,20:00,21:00,
Gregor Salto,Gregor Salto,CELESTIA BY KUCOIN,2026-07-25,20:00,21:00,
SHOARMA SOUNDSYSTEM,⁠⁠SHOARMA SOUNDSYSTEM,ELIXIR,2026-07-25,20:00,21:00,
Argy,Argy presents NEWORLD,FREEDOM BY BUD,2026-07-25,20:00,21:00,
Kurt Verheyen,Kurt Verheyen,MOOSE BAR,2026-07-25,20:00,00:00,
Sonny Fodera,Sonny Fodera,THE GREAT LIBRARY,2026-07-25,20:00,21:30,
Sub Zero Project,Sub Zero Project,MAINSTAGE,2026-07-25,20:25,21:25,
Pegassi,Pegassi,ATMOSPHERE,2026-07-25,20:30,22:00,
Skream | dj Seinfeld,Skream b2b dj Seinfeld,CORE,2026-07-25,20:30,22:30,
Séa,Séa,MELODIA BY CORONA,2026-07-25,20:30,22:00,
Jorn Pricez,Jorn Pricez,THE RAVE CAVE,2026-07-25,20:30,22:00,
Youri Parker,Youri Parker,THE ROSE GARDEN,2026-07-25,20:30,21:30,
Mondello,Mondello,CAGE,2026-07-25,21:00,22:00,
Sander van Doorn,Sander van doorn,CELESTIA BY KUCOIN,2026-07-25,21:00,22:00,
HI-LO | Layton Giordani,HI-LO b2b Layton Giordani,CRYSTAL GARDEN,2026-07-25,21:00,22:30,
Annabel Stop It,Annabel Stop It,ELIXIR,2026-07-25,21:00,22:00,
Symphony of Unity,Symphony Of Unity,FREEDOM BY BUD,2026-07-25,21:00,22:00,
ATKÖ,Atkö,HOUSE OF FORTUNE BY JBL,2026-07-25,21:00,22:00,
Colyn | Sainte Vie,Colyn b2b Sainte Vie,PLANAXIS,2026-07-25,21:00,22:30,
Armin van Buuren,Armin van Buuren,MAINSTAGE,2026-07-25,21:25,22:25,
Lost Frequencies | Chris Lorenzo,Lost Frequencies,THE GREAT LIBRARY,2026-07-25,21:30,22:45,
Bountyhunter,BountyHunter,THE ROSE GARDEN,2026-07-25,21:30,23:00,
Novah,Novah,ATMOSPHERE,2026-07-25,22:00,23:30,
Stanne,Stanne,CAGE,2026-07-25,22:00,23:00,
Dannic | Dyro,Dannic b2b Dyro,CELESTIA BY KUCOIN,2026-07-25,22:00,23:00,
Nina Black,Nina Black,ELIXIR,2026-07-25,22:00,23:00,
Sebastian Ingrosso,Sebastian Ingrosso,FREEDOM BY BUD,2026-07-25,22:00,23:00,
Sam Girling,Sam Girling,MELODIA BY CORONA,2026-07-25,22:00,00:00,
Flowchief,Flowchief,THE RAVE CAVE,2026-07-25,22:00,23:00,
The Blessed Madonna | HAAi,HAAi b2b The Blessed Madonna,CORE,2026-07-25,22:30,00:50,
John Summit,John Summit,CRYSTAL GARDEN,2026-07-25,22:30,00:30,
Dimitri Vegas & Like Mike,Dimitri Vegas & Like Mike,MAINSTAGE,2026-07-25,22:30,23:45,
Konstantin Sibold | Chris Avantgarde,Chris Avantgarde b2b Konstantin Sibold,PLANAXIS,2026-07-25,22:30,00:00,
Gorgon City,Gorgon City,THE GREAT LIBRARY,2026-07-25,22:45,00:00,
NOA,NOA,ELIXIR,2026-07-25,23:00,00:00,
Timmy Trumpet,Timmy Trumpet,FREEDOM BY BUD,2026-07-25,23:00,00:30,
Netherworld,Netherworld,THE RAVE CAVE,2026-07-25,23:00,00:00,
Cherry Moon Legends (& Friends),Cherry Moon Legends (& Friends),THE ROSE GARDEN,2026-07-25,23:00,01:00,
I Hate Models,I Hate Models,ATMOSPHERE,2026-07-25,23:30,00:55,
Calvin Harris,Calvin Harris,MAINSTAGE,2026-07-25,23:45,00:45,
Hide N Seek,Hide N Seek,ELIXIR,2026-07-26,00:00,01:00,
Netsky,Netsky,THE GREAT LIBRARY,2026-07-26,00:00,00:55,
Mirage,Mirage,ATMOSPHERE,2026-07-26,12:00,13:30,
Amalie,Amalie,CAGE,2026-07-26,12:00,13:30,
Catalina,Catalina,CORE,2026-07-26,12:00,13:30,
Franc Fala | Benja,Benja b2b Franc Fala,CRYSTAL GARDEN,2026-07-26,12:00,15:00,
Laura Hoogland,Laura Hoogland,FREEDOM BY BUD,2026-07-26,12:00,13:30,
DISCOVERY,DISCOVERY,MAINSTAGE,2026-07-26,12:00,14:30,
Dominico,Dominico,MELODIA BY CORONA,2026-07-26,12:00,14:00,
MR. E.,Mr. E,MOOSE BAR,2026-07-26,12:00,16:00,
Olivex,Olivex,PLANAXIS,2026-07-26,12:00,13:00,
Zero Gravity,Zero Gravity,THE GREAT LIBRARY,2026-07-26,12:00,13:00,
BassBrain,BassBrain,THE ROSE GARDEN,2026-07-26,12:00,13:00,
Mendosa,Mendosa,CELESTIA BY KUCOIN,2026-07-26,12:30,13:30,
Dino,Dino,ELIXIR,2026-07-26,13:00,14:30,
DJ Lex,DJ Lex,HOUSE OF FORTUNE BY JBL,2026-07-26,13:00,14:00,
Okayval,Okayval,PLANAXIS,2026-07-26,13:00,15:00,
Lucca van Damme,Lucca van Damme,THE GREAT LIBRARY,2026-07-26,13:00,14:00,
Benny Plays,Benny Plays,THE RAVE CAVE,2026-07-26,13:00,15:00,
Lost Identity,Lost Identity,THE ROSE GARDEN,2026-07-26,13:00,14:00,
Rianna Holley,Riana Holley,ATMOSPHERE,2026-07-26,13:30,15:00,
Netty Hugo,Netty Hugo,CAGE,2026-07-26,13:30,15:00,
Lisa Korver,Lisa Korver,CELESTIA BY KUCOIN,2026-07-26,13:30,15:00,
Kellar,Kellar,CORE,2026-07-26,13:30,15:30,
Axel Haube,Axel Haube,FREEDOM BY BUD,2026-07-26,13:30,15:00,
Mess,Mess,HOUSE OF FORTUNE BY JBL,2026-07-26,14:00,14:30,
Bobbi Antonni,Bobbi Antonni,MELODIA BY CORONA,2026-07-26,14:00,15:30,
Diego Miranda | Jerry Davila,Diego Miranda b2b Jerry Davila,THE GREAT LIBRARY,2026-07-26,14:00,15:00,
D-Charged b2b Serzo,D-Charged b2b Serzo,THE ROSE GARDEN,2026-07-26,14:00,15:00,
REEZE,Reeze,ELIXIR,2026-07-26,14:30,16:00,
Sebastian Rivero,Sebastian Rivero,HOUSE OF FORTUNE BY JBL,2026-07-26,14:30,15:00,
Odd Mob,Odd Mob,MAINSTAGE,2026-07-26,14:30,15:30,
Portex,Portex,ATMOSPHERE,2026-07-26,15:00,16:30,
Amotik,Amotik,CAGE,2026-07-26,15:00,17:00,
Newtone,Newtone,CELESTIA BY KUCOIN,2026-07-26,15:00,16:30,
Bhaskar,Bhaskar,CRYSTAL GARDEN,2026-07-26,15:00,16:30,
Push only,Push only,FREEDOM BY BUD,2026-07-26,15:00,16:00,
Emi Navarro,Emi Navarro,HOUSE OF FORTUNE BY JBL,2026-07-26,15:00,15:30,
ANAYA,ANAYA,PLANAXIS,2026-07-26,15:00,16:00,
Darren Styles,Darren Styles,THE GREAT LIBRARY,2026-07-26,15:00,16:00,
EME,EME,THE RAVE CAVE,2026-07-26,15:00,16:00,
Mark With a K & MC Chucky,Mark With A K & MC Chucky,THE ROSE GARDEN,2026-07-26,15:00,16:00,
Saidah,Saidah,CORE,2026-07-26,15:30,17:00,
Macker,Macker,HOUSE OF FORTUNE BY JBL,2026-07-26,15:30,16:00,
Cyril,Cyril,MAINSTAGE,2026-07-26,15:30,16:30,
Cristiano Da Silva,Cristiano Da Silva,MELODIA BY CORONA,2026-07-26,15:30,16:30,
Lennert Wolfs,Lennert Wolfs,ELIXIR,2026-07-26,16:00,17:00,
Korolova,Korolova,FREEDOM BY BUD,2026-07-26,16:00,17:30,
The Criminal Sounds,The Criminal Sounds,HOUSE OF FORTUNE BY JBL,2026-07-26,16:00,17:00,
Brian,Brian,MOOSE BAR,2026-07-26,16:00,19:00,
Vassy,VASSY,PLANAXIS,2026-07-26,16:00,17:00,
Kaaze,Kaaze,THE GREAT LIBRARY,2026-07-26,16:00,17:00,
Kriss Reeve,Kriss Reeve,THE RAVE CAVE,2026-07-26,16:00,17:00,
Hard Driver,Hard Driver,THE ROSE GARDEN,2026-07-26,16:00,17:00,
Alycia Bezgo | BIIANCO,Alycia Bezgo b2b Biianco,ATMOSPHERE,2026-07-26,16:30,18:00,
Kyle Starkey,Kyle Starkey,CELESTIA BY KUCOIN,2026-07-26,16:30,18:00,
Brina Knauss,Brina Knauss,CRYSTAL GARDEN,2026-07-26,16:30,18:00,
Lucas & Steve,Lucas & Steve,MAINSTAGE,2026-07-26,16:30,17:30,
Rayco Santos,Rayco Santos,MELODIA BY CORONA,2026-07-26,16:30,17:30,
Quelza,Quelza,CAGE,2026-07-26,17:00,19:00,
Helena Lauwaert,Helena Lauwaert,CORE,2026-07-26,17:00,18:30,
Karakals,Karakals,ELIXIR,2026-07-26,17:00,18:30,
DJ F.R.A.N.K,DJ F.R.A.N.K,HOUSE OF FORTUNE BY JBL,2026-07-26,17:00,18:00,
Yves V | StadiumX,Yves V b2b StadiumX,PLANAXIS,2026-07-26,17:00,18:00,
Paris Hilton,Paris Hilton,THE GREAT LIBRARY,2026-07-26,17:00,18:00,
Muze,Muze,THE RAVE CAVE,2026-07-26,17:00,18:00,
The Purge,The Purge,THE ROSE GARDEN,2026-07-26,17:00,18:00,
Fideles,Fideles,FREEDOM BY BUD,2026-07-26,17:30,19:00,
Valentín Huedo,Valentín Huedo,MELODIA BY CORONA,2026-07-26,17:30,18:30,
Chase & Status (DJ set),Chase & Status (DJ set),MAINSTAGE,2026-07-26,17:35,18:35,
Adrián Mills,Adrián Mills,ATMOSPHERE,2026-07-26,18:00,19:30,
Paige Tomlinson | Bella Claxton,Bella Claxton b2b Paige Tomlinson,CELESTIA BY KUCOIN,2026-07-26,18:00,19:30,
Like Mike,Like Mike,CRYSTAL GARDEN,2026-07-26,18:00,19:30,
Tigerlily,TIGERLILY,HOUSE OF FORTUNE BY JBL,2026-07-26,18:00,19:00,
Sick individuals,Sick individuals,PLANAXIS,2026-07-26,18:00,19:00,
Joel Corry,Joel Corry,THE GREAT LIBRARY,2026-07-26,18:00,19:00,
Mr. Rewind,Mr. Rewind,THE RAVE CAVE,2026-07-26,18:00,19:00,
Sound Rush,Sound Rush,THE ROSE GARDEN,2026-07-26,18:00,19:00,
Lammer,Lammer,CORE,2026-07-26,18:30,20:30,
Vikkstar,Vikkstar,ELIXIR,2026-07-26,18:30,19:30,
Alex Kennon,Alex Kennon,MELODIA BY CORONA,2026-07-26,18:30,19:30,
Sara Landry,Sara Landry,MAINSTAGE,2026-07-26,18:40,19:40,
Blasha & Allatt,Blasha & Allatt,CAGE,2026-07-26,19:00,21:00,
Joris Voorn | Cassian,Cassian b2b Joris Voorn,FREEDOM BY BUD,2026-07-26,19:00,20:30,
Bassjackers,Bassjackers,HOUSE OF FORTUNE BY JBL,2026-07-26,19:00,20:00,
Peter Wackel,Peter Wackel,MOOSE BAR,2026-07-26,19:00,20:00,
Deorro,Deorro,PLANAXIS,2026-07-26,19:00,20:00,
NERVO,NERVO,THE GREAT LIBRARY,2026-07-26,19:00,20:00,
Neon | D. Guaetta,D. Guaetta b2b Neon,THE RAVE CAVE,2026-07-26,19:00,20:00,
Coone,Coone,THE ROSE GARDEN,2026-07-26,19:00,20:00,
Nikolina,Nikolina,ATMOSPHERE,2026-07-26,19:30,21:00,
Morgan Seatree,Morgan Seatree,CELESTIA BY KUCOIN,2026-07-26,19:30,21:00,
Mind Against,Mind Against,CRYSTAL GARDEN,2026-07-26,19:30,21:30,
Kav Verhouzer & de Hofnar presents: Eurodance,Kav Verhouzer & de Hofnar presents: Eurodance,ELIXIR,2026-07-26,19:30,21:00,
Oriol Calvo,Oriol Calvo,MELODIA BY CORONA,2026-07-26,19:30,20:30,
Afrojack | R3HAB,Afrojack b2b R3hab,MAINSTAGE,2026-07-26,19:40,20:40,
Joel Corry,Joel Corry,HOUSE OF FORTUNE BY JBL,2026-07-26,20:00,21:00,
Jan V,Jan V,MOOSE BAR,2026-07-26,20:00,00:00,
Laidback Luke,Laidback Luke,PLANAXIS,2026-07-26,20:00,21:00,
Nico Moreno,Nico Moreno,THE GREAT LIBRARY,2026-07-26,20:00,21:00,
Hyalyte,Hyalyte,THE RAVE CAVE,2026-07-26,20:00,21:00,
Da Tweekaz,Da Tweekaz,THE ROSE GARDEN,2026-07-26,20:00,21:30,
Benwal | LB aka LABAT,Benwal b2b LB aka Labat,CORE,2026-07-26,20:30,22:00,
ARTBAT,Artbat,FREEDOM BY BUD,2026-07-26,20:30,22:00,
Delafino | Luna Fino,Delafino & Luna Fino,MELODIA BY CORONA,2026-07-26,20:30,22:00,
Lost Frequencies,Lost Frequencies,MAINSTAGE,2026-07-26,20:40,21:40,
Trym,Trym,ATMOSPHERE,2026-07-26,21:00,22:30,
Freddy K,Freddy K,CAGE,2026-07-26,21:00,23:00,
HU,HU,CELESTIA BY KUCOIN,2026-07-26,21:00,22:30,
Jaël Ost & MagiK,Jaël Ost & MagiK,ELIXIR,2026-07-26,21:00,22:00,
The Rocketman,The Rocketman,HOUSE OF FORTUNE BY JBL,2026-07-26,21:00,22:00,
Superheroes,Superheroes,PLANAXIS,2026-07-26,21:00,22:00,
Bassjackers,Bassjackers,THE GREAT LIBRARY,2026-07-26,21:00,22:00,
Leenders,Leenders,THE RAVE CAVE,2026-07-26,21:00,22:00,
Kevin de Vries | Meduza,Kevin de Vries b2b Meduza,CRYSTAL GARDEN,2026-07-26,21:30,00:00,
Warface,Warface,THE ROSE GARDEN,2026-07-26,21:30,22:15,
Steve Aoki,Steve Aoki,MAINSTAGE,2026-07-26,21:45,22:45,
Malugi,Malugi,CORE,2026-07-26,22:00,23:50,
Michael Amani,Michael Amani,ELIXIR,2026-07-26,22:00,23:00,
Amelie Lens,Amelie Lens presents Aura,FREEDOM BY BUD,2026-07-26,22:00,23:30,
Eli Rojas,Eli Rojas,MELODIA BY CORONA,2026-07-26,22:00,23:00,
Quintino,Quintino,PLANAXIS,2026-07-26,22:00,23:00,
Dimitri Vegas | Nico Moreno,Dimitri Vegas b2b Nico Moreno,THE GREAT LIBRARY,2026-07-26,22:00,23:00,
DXNØ,DXNØ,THE RAVE CAVE,2026-07-26,22:00,23:00,
The Straikerz,The Straikerz,THE ROSE GARDEN,2026-07-26,22:15,23:00,
Kobosil,Kobosil,ATMOSPHERE,2026-07-26,22:30,23:55,
Martin Garrix,Martin Garrix,MAINSTAGE,2026-07-26,22:50,23:50,
Michael Amani,Michael Amani & Friends,ELIXIR,2026-07-26,23:00,00:00,
Chuckie,Chuckie,PLANAXIS,2026-07-26,23:00,23:50,
Brennan Heart,Brennan Heart,THE GREAT LIBRARY,2026-07-26,23:00,23:55,
